[{"model": "training.learningindex", "pk": 20, "fields": {"intro": "Introductory text for the training page goes here. It could be about two to three sentences, but this example will just be two.", "description": "<p>Investigative reporting is not a very popular practice for many journalists in Nigeria but it holds the key to correcting some of the wrongs in the society, opening long-held secrets, ensuring wrongdoers get due punishment for their actions while celebrating good conduct of people, innovations by organisations and sterling accomplishments in the face of challenges.</p><p>This course will explore issues, ethics and challenges of investigative reporting by analysing and discussing outstanding and controversial examples of this genre of journalism while participants work on real-world investigative project ideas.</p><p>It will stimulate participants to identify, develop and follow through investigative story ideas, research and interviewing techniques as well as personal safety while in the trenches.</p>", "instructor": "Ibanga Isine", "audience": "Editors, reporters, civil society activists, journalism teachers, etc.", "featured_image": 2}}, {"model": "training.learningpage", "pk": 21, "fields": {"outline": "Lorem ipsum dolor sit amet, consectetur adipiscing elit. Mauris dapibus posuere lorem maximus tempor.", "goals": "<p>Lorem ipsum dolor sit amet, consectetur adipiscing elit. Mauris dapibus posuere lorem maximus tempor.</p>", "duration": 2, "placement": 1, "body": "<p><b>Lorem ipsum, dolor sit amet consectetur adipisicing elit. Atque magnam voluptatum aspernatur enim. Quos asperiores molestiae necessitatibus deleniti, suscipit debitis animi quis exercitationem. Vero sed est exercitationem. Fugit, ipsum molestias!</b></p>"}}, {"model": "training.learningpage", "pk": 22, "fields": {"outline": "Lorem ipsum dolor sit amet, consectetur adipiscing elit. Mauris dapibus posuere lorem maximus tempor.", "goals": "<p>Lorem ipsum dolor sit amet, consectetur adipiscing elit. Mauris dapibus posuere lorem maximus tempor.</p>", "duration": 1, "placement": 2, "body": "<p><b>Lorem ipsum, dolor sit amet consectetur adipisicing elit. Atque magnam voluptatum aspernatur enim. Quos asperiores molestiae necessitatibus deleniti, suscipit debitis animi quis exercitationem. Vero sed est exercitationem. Fugit, ipsum molestias!</b></p>"}}, {"model": "training.learningpage", "pk": 23, "fields": {"outline": "Lorem ipsum dolor sit amet, consectetur adipiscing elit. Mauris dapibus posuere lorem maximus tempor.", "goals": "<p>Lorem ipsum dolor sit amet, consectetur adipiscing elit. Mauris dapibus posuere lorem maximus tempor.</p>", "duration": 2, "placement": 3, "body": "<p><b>Lorem ipsum, dolor sit amet consectetur adipisicing elit. Atque magnam voluptatum aspernatur enim. Quos asperiores molestiae necessitatibus deleniti, suscipit debitis animi quis exercitationem. Vero sed est exercitationem. Fugit, ipsum molestias!</b></p>"}}, {"model": "training.learningpage", "pk": 24, "fields": {"outline": "Lorem ipsum dolor sit amet, consectetur adipiscing elit. Mauris dapibus posuere lorem maximus tempor.", "goals": "<p>Lorem ipsum dolor sit amet, consectetur adipiscing elit. Mauris dapibus posuere lorem maximus tempor.</p>", "duration": 2, "placement": 4, "body": "<p><b>Lorem ipsum, dolor sit amet consectetur adipisicing elit. Atque magnam voluptatum aspernatur enim. Quos asperiores molestiae necessitatibus deleniti, suscipit debitis animi quis exercitationem. Vero sed est exercitationem. Fugit, ipsum molestias!</b></p>"}}, {"model": "training.learningpage", "pk": 25, "fields": {"outline": "Lorem ipsum dolor sit amet, consectetur adipiscing elit. Mauris dapibus posuere lorem maximus tempor.", "goals": "<p>Lorem ipsum dolor sit amet, consectetur adipiscing elit. Mauris dapibus posuere lorem maximus tempor.</p>", "duration": 2, "placement": 5, "body": "<p><b>Lorem ipsum, dolor sit amet consectetur adipisicing elit. Atque magnam voluptatum aspernatur enim. Quos asperiores molestiae necessitatibus deleniti, suscipit debitis animi quis exercitationem. Vero sed est exercitationem. Fugit, ipsum molestias!</b></p>"}}, {"model": "training.learningpage", "pk": 26, "fields": {"outline": "Lorem ipsum dolor sit amet, consectetur adipiscing elit. Mauris dapibus posuere lorem maximus tempor.", "goals": "<p>Lorem ipsum dolor sit amet, consectetur adipiscing elit. Mauris dapibus posuere lorem maximus tempor.</p>", "duration": 2, "placement": 6, "body": "<p><b>Lorem ipsum, dolor sit amet consectetur adipisicing elit. Atque magnam voluptatum aspernatur enim. Quos asperiores molestiae necessitatibus deleniti, suscipit debitis animi quis exercitationem. Vero sed est exercitationem. Fugit, ipsum molestias!</b></p>"}}, {"model": "training.learningsessionpage", "pk": 27, "fields": {"body": "<p>Testing testing</p><p>Vestibulum interdum ex a enim auctor interdum. Interdum et malesuada fames ac ante ipsum primis in faucibus. Nam ut elementum urna. Nunc mattis, ante id ultrices tempus, arcu nulla efficitur felis, malesuada molestie leo diam ut libero. Ut congue dapibus mi, eu aliquam libero efficitur a. Praesent ullamcorper pellentesque rutrum. Donec sed nibh elit. Vivamus non justo elementum, molestie nibh eget, placerat turpis.</p><p>Cras interdum maximus felis vel mattis. Nulla commodo tincidunt porta. Nunc eget massa ac lectus sagittis tincidunt. Aliquam purus mauris, posuere non volutpat at, iaculis vitae erat. Donec tempus interdum vulputate. Nullam at dolor eleifend, pretium velit sed, molestie massa. Phasellus dignissim fringilla imperdiet. In dignissim laoreet ante et viverra. Integer velit orci, venenatis nec enim id, dapibus porttitor libero. Aliquam in aliquet mauris, vitae volutpat tortor. Phasellus quis ligula in augue sodales consequat.</p><p>Suspendisse commodo sodales tortor id posuere. Curabitur pharetra leo vel odio malesuada imperdiet. Praesent gravida id nisi a vehicula. Vestibulum et mi ac nisi porta fringilla sit amet eget tellus. Morbi dictum libero vel consectetur blandit. Cras interdum vel ex in mattis. Donec eget mi sed neque tincidunt pharetra. Nam et massa at tortor scelerisque blandit.</p><p>Pellentesque habitant morbi tristique senectus et netus et malesuada fames ac turpis egestas. In felis neque, rhoncus quis tempus volutpat, mollis et nisl. Praesent pretium velit a nisl rhoncus ullamcorper. Praesent non erat semper urna luctus gravida eu quis elit. Aenean et ligula finibus, pretium urna eget, malesuada augue. Aenean vel volutpat nisi. Sed gravida a tortor vel aliquam.</p>"}}, {"model": "training.learningsessionpage", "pk": 28, "fields": {"body": "<p>Lorem ipsum dolor sit amet, consectetur adipiscing elit. Aliquam nec bibendum augue. Integer euismod eros lorem, at venenatis elit varius vel. In iaculis iaculis elementum. Pellentesque a enim lorem. Integer metus dolor, semper nec odio ac, elementum tempor ligula. Sed congue sodales suscipit. Phasellus eu mattis tortor.</p><p>Vestibulum interdum ex a enim auctor interdum. Interdum et malesuada fames ac ante ipsum primis in faucibus. Nam ut elementum urna. Nunc mattis, ante id ultrices tempus, arcu nulla efficitur felis, malesuada molestie leo diam ut libero. Ut congue dapibus mi, eu aliquam libero efficitur a. Praesent ullamcorper pellentesque rutrum. Donec sed nibh elit. Vivamus non justo elementum, molestie nibh eget, placerat turpis.</p><p>Cras interdum maximus felis vel mattis. Nulla commodo tincidunt porta. Nunc eget massa ac lectus sagittis tincidunt. Aliquam purus mauris, posuere non volutpat at, iaculis vitae erat. Donec tempus interdum vulputate. Nullam at dolor eleifend, pretium velit sed, molestie massa. Phasellus dignissim fringilla imperdiet. In dignissim laoreet ante et viverra. Integer velit orci, venenatis nec enim id, dapibus porttitor libero. Aliquam in aliquet mauris, vitae volutpat tortor. Phasellus quis ligula in augue sodales consequat.</p><p>Suspendisse commodo sodales tortor id posuere. Curabitur pharetra leo vel odio malesuada imperdiet. Praesent gravida id nisi a vehicula. Vestibulum et mi ac nisi porta fringilla sit amet eget tellus. Morbi dictum libero vel consectetur blandit. Cras interdum vel ex in mattis. Donec eget mi sed neque tincidunt pharetra. Nam et massa at tortor scelerisque blandit.</p><p>Pellentesque habitant morbi tristique senectus et netus et malesuada fames ac turpis egestas. In felis neque, rhoncus quis tempus volutpat, mollis et nisl. Praesent pretium velit a nisl rhoncus ullamcorper. Praesent non erat semper urna luctus gravida eu quis elit. Aenean et ligula finibus, pretium urna eget, malesuada augue. Aenean vel volutpat nisi. Sed gravida a tortor vel aliquam.</p>"}}, {"model": "training.learningsessionpage", "pk": 29, "fields": {"body": "<p>Lorem ipsum dolor sit amet, consectetur adipiscing elit. Aliquam nec bibendum augue. Integer euismod eros lorem, at venenatis elit varius vel. In iaculis iaculis elementum. Pellentesque a enim lorem. Integer metus dolor, semper nec odio ac, elementum tempor ligula. Sed congue sodales suscipit. Phasellus eu mattis tortor.</p><p>Vestibulum interdum ex a enim auctor interdum. Interdum et malesuada fames ac ante ipsum primis in faucibus. Nam ut elementum urna. Nunc mattis, ante id ultrices tempus, arcu nulla efficitur felis, malesuada molestie leo diam ut libero. Ut congue dapibus mi, eu aliquam libero efficitur a. Praesent ullamcorper pellentesque rutrum. Donec sed nibh elit. Vivamus non justo elementum, molestie nibh eget, placerat turpis.</p><p>Cras interdum maximus felis vel mattis. Nulla commodo tincidunt porta. Nunc eget massa ac lectus sagittis tincidunt. Aliquam purus mauris, posuere non volutpat at, iaculis vitae erat. Donec tempus interdum vulputate. Nullam at dolor eleifend, pretium velit sed, molestie massa. Phasellus dignissim fringilla imperdiet. In dignissim laoreet ante et viverra. Integer velit orci, venenatis nec enim id, dapibus porttitor libero. Aliquam in aliquet mauris, vitae volutpat tortor. Phasellus quis ligula in augue sodales consequat.</p><p>Suspendisse commodo sodales tortor id posuere. Curabitur pharetra leo vel odio malesuada imperdiet. Praesent gravida id nisi a vehicula. Vestibulum et mi ac nisi porta fringilla sit amet eget tellus. Morbi dictum libero vel consectetur blandit. Cras interdum vel ex in mattis. Donec eget mi sed neque tincidunt pharetra. Nam et massa at tortor scelerisque blandit.</p><p>Pellentesque habitant morbi tristique senectus et netus et malesuada fames ac turpis egestas. In felis neque, rhoncus quis tempus volutpat, mollis et nisl. Praesent pretium velit a nisl rhoncus ullamcorper. Praesent non erat semper urna luctus gravida eu quis elit. Aenean et ligula finibus, pretium urna eget, malesuada augue. Aenean vel volutpat nisi. Sed gravida a tortor vel aliquam.</p>"}}, {"model": "training.learningsessionpage", "pk": 30, "fields": {"body": "<p>Lorem ipsum dolor sit amet, consectetur adipiscing elit. Aliquam nec bibendum augue. Integer euismod eros lorem, at venenatis elit varius vel. In iaculis iaculis elementum. Pellentesque a enim lorem. Integer metus dolor, semper nec odio ac, elementum tempor ligula. Sed congue sodales suscipit. Phasellus eu mattis tortor.</p><p>Vestibulum interdum ex a enim auctor interdum. Interdum et malesuada fames ac ante ipsum primis in faucibus. Nam ut elementum urna. Nunc mattis, ante id ultrices tempus, arcu nulla efficitur felis, malesuada molestie leo diam ut libero. Ut congue dapibus mi, eu aliquam libero efficitur a. Praesent ullamcorper pellentesque rutrum. Donec sed nibh elit. Vivamus non justo elementum, molestie nibh eget, placerat turpis.</p><p>Cras interdum maximus felis vel mattis. Nulla commodo tincidunt porta. Nunc eget massa ac lectus sagittis tincidunt. Aliquam purus mauris, posuere non volutpat at, iaculis vitae erat. Donec tempus interdum vulputate. Nullam at dolor eleifend, pretium velit sed, molestie massa. Phasellus dignissim fringilla imperdiet. In dignissim laoreet ante et viverra. Integer velit orci, venenatis nec enim id, dapibus porttitor libero. Aliquam in aliquet mauris, vitae volutpat tortor. Phasellus quis ligula in augue sodales consequat.</p><p>Suspendisse commodo sodales tortor id posuere. Curabitur pharetra leo vel odio malesuada imperdiet. Praesent gravida id nisi a vehicula. Vestibulum et mi ac nisi porta fringilla sit amet eget tellus. Morbi dictum libero vel consectetur blandit. Cras interdum vel ex in mattis. Donec eget mi sed neque tincidunt pharetra. Nam et massa at tortor scelerisque blandit.</p><p>Pellentesque habitant morbi tristique senectus et netus et malesuada fames ac turpis egestas. In felis neque, rhoncus quis tempus volutpat, mollis et nisl. Praesent pretium velit a nisl rhoncus ullamcorper. Praesent non erat semper urna luctus gravida eu quis elit. Aenean et ligula finibus, pretium urna eget, malesuada augue. Aenean vel volutpat nisi. Sed gravida a tortor vel aliquam.</p>"}}, {"model": "training.learningsessionpage", "pk": 31, "fields": {"body": "<p>Lorem ipsum dolor sit amet, consectetur adipiscing elit. Aliquam nec bibendum augue. Integer euismod eros lorem, at venenatis elit varius vel. In iaculis iaculis elementum. Pellentesque a enim lorem. Integer metus dolor, semper nec odio ac, elementum tempor ligula. Sed congue sodales suscipit. Phasellus eu mattis tortor.</p><p>Vestibulum interdum ex a enim auctor interdum. Interdum et malesuada fames ac ante ipsum primis in faucibus. Nam ut elementum urna. Nunc mattis, ante id ultrices tempus, arcu nulla efficitur felis, malesuada molestie leo diam ut libero. Ut congue dapibus mi, eu aliquam libero efficitur a. Praesent ullamcorper pellentesque rutrum. Donec sed nibh elit. Vivamus non justo elementum, molestie nibh eget, placerat turpis.</p><p>Cras interdum maximus felis vel mattis. Nulla commodo tincidunt porta. Nunc eget massa ac lectus sagittis tincidunt. Aliquam purus mauris, posuere non volutpat at, iaculis vitae erat. Donec tempus interdum vulputate. Nullam at dolor eleifend, pretium velit sed, molestie massa. Phasellus dignissim fringilla imperdiet. In dignissim laoreet ante et viverra. Integer velit orci, venenatis nec enim id, dapibus porttitor libero. Aliquam in aliquet mauris, vitae volutpat tortor. Phasellus quis ligula in augue sodales consequat.</p><p>Suspendisse commodo sodales tortor id posuere. Curabitur pharetra leo vel odio malesuada imperdiet. Praesent gravida id nisi a vehicula. Vestibulum et mi ac nisi porta fringilla sit amet eget tellus. Morbi dictum libero vel consectetur blandit. Cras interdum vel ex in mattis. Donec eget mi sed neque tincidunt pharetra. Nam et massa at tortor scelerisque blandit.</p><p>Pellentesque habitant morbi tristique senectus et netus et malesuada fames ac turpis egestas. In felis neque, rhoncus quis tempus volutpat, mollis et nisl. Praesent pretium velit a nisl rhoncus ullamcorper. Praesent non erat semper urna luctus gravida eu quis elit. Aenean et ligula finibus, pretium urna eget, malesuada augue. Aenean vel volutpat nisi. Sed gravida a tortor vel aliquam.</p>"}}, {"model": "training.learningsessionpage", "pk": 32, "fields": {"body": "<p>Lorem ipsum dolor sit amet, consectetur adipiscing elit. Aliquam nec bibendum augue. Integer euismod eros lorem, at venenatis elit varius vel. In iaculis iaculis elementum. Pellentesque a enim lorem. Integer metus dolor, semper nec odio ac, elementum tempor ligula. Sed congue sodales suscipit. Phasellus eu mattis tortor.</p><p>Vestibulum interdum ex a enim auctor interdum. Interdum et malesuada fames ac ante ipsum primis in faucibus. Nam ut elementum urna. Nunc mattis, ante id ultrices tempus, arcu nulla efficitur felis, malesuada molestie leo diam ut libero. Ut congue dapibus mi, eu aliquam libero efficitur a. Praesent ullamcorper pellentesque rutrum. Donec sed nibh elit. Vivamus non justo elementum, molestie nibh eget, placerat turpis.</p><p>Cras interdum maximus felis vel mattis. Nulla commodo tincidunt porta. Nunc eget massa ac lectus sagittis tincidunt. Aliquam purus mauris, posuere non volutpat at, iaculis vitae erat. Donec tempus interdum vulputate. Nullam at dolor eleifend, pretium velit sed, molestie massa. Phasellus dignissim fringilla imperdiet. In dignissim laoreet ante et viverra. Integer velit orci, venenatis nec enim id, dapibus porttitor libero. Aliquam in aliquet mauris, vitae volutpat tortor. Phasellus quis ligula in augue sodales consequat.</p><p>Suspendisse commodo sodales tortor id posuere. Curabitur pharetra leo vel odio malesuada imperdiet. Praesent gravida id nisi a vehicula. Vestibulum et mi ac nisi porta fringilla sit amet eget tellus. Morbi dictum libero vel consectetur blandit. Cras interdum vel ex in mattis. Donec eget mi sed neque tincidunt pharetra. Nam et massa at tortor scelerisque blandit.</p><p>Pellentesque habitant morbi tristique senectus et netus et malesuada fames ac turpis egestas. In felis neque, rhoncus quis tempus volutpat, mollis et nisl. Praesent pretium velit a nisl rhoncus ullamcorper. Praesent non erat semper urna luctus gravida eu quis elit. Aenean et ligula finibus, pretium urna eget, malesuada augue. Aenean vel volutpat nisi. Sed gravida a tortor vel aliquam.</p>"}}, {"model": "training.learningsessionpage", "pk": 33, "fields": {"body": "<p>Lorem ipsum dolor sit amet, consectetur adipiscing elit. Aliquam nec bibendum augue. Integer euismod eros lorem, at venenatis elit varius vel. In iaculis iaculis elementum. Pellentesque a enim lorem. Integer metus dolor, semper nec odio ac, elementum tempor ligula. Sed congue sodales suscipit. Phasellus eu mattis tortor.</p><p>Vestibulum interdum ex a enim auctor interdum. Interdum et malesuada fames ac ante ipsum primis in faucibus. Nam ut elementum urna. Nunc mattis, ante id ultrices tempus, arcu nulla efficitur felis, malesuada molestie leo diam ut libero. Ut congue dapibus mi, eu aliquam libero efficitur a. Praesent ullamcorper pellentesque rutrum. Donec sed nibh elit. Vivamus non justo elementum, molestie nibh eget, placerat turpis.</p><p>Cras interdum maximus felis vel mattis. Nulla commodo tincidunt porta. Nunc eget massa ac lectus sagittis tincidunt. Aliquam purus mauris, posuere non volutpat at, iaculis vitae erat. Donec tempus interdum vulputate. Nullam at dolor eleifend, pretium velit sed, molestie massa. Phasellus dignissim fringilla imperdiet. In dignissim laoreet ante et viverra. Integer velit orci, venenatis nec enim id, dapibus porttitor libero. Aliquam in aliquet mauris, vitae volutpat tortor. Phasellus quis ligula in augue sodales consequat.</p><p>Suspendisse commodo sodales tortor id posuere. Curabitur pharetra leo vel odio malesuada imperdiet. Praesent gravida id nisi a vehicula. Vestibulum et mi ac nisi porta fringilla sit amet eget tellus. Morbi dictum libero vel consectetur blandit. Cras interdum vel ex in mattis. Donec eget mi sed neque tincidunt pharetra. Nam et massa at tortor scelerisque blandit.</p><p>Pellentesque habitant morbi tristique senectus et netus et malesuada fames ac turpis egestas. In felis neque, rhoncus quis tempus volutpat, mollis et nisl. Praesent pretium velit a nisl rhoncus ullamcorper. Praesent non erat semper urna luctus gravida eu quis elit. Aenean et ligula finibus, pretium urna eget, malesuada augue. Aenean vel volutpat nisi. Sed gravida a tortor vel aliquam.</p>"}}, {"model": "training.learningsessionpage", "pk": 34, "fields": {"body": "<p>Lorem ipsum dolor sit amet, consectetur adipiscing elit. Aliquam nec bibendum augue. Integer euismod eros lorem, at venenatis elit varius vel. In iaculis iaculis elementum. Pellentesque a enim lorem. Integer metus dolor, semper nec odio ac, elementum tempor ligula. Sed congue sodales suscipit. Phasellus eu mattis tortor.</p><p>Vestibulum interdum ex a enim auctor interdum. Interdum et malesuada fames ac ante ipsum primis in faucibus. Nam ut elementum urna. Nunc mattis, ante id ultrices tempus, arcu nulla efficitur felis, malesuada molestie leo diam ut libero. Ut congue dapibus mi, eu aliquam libero efficitur a. Praesent ullamcorper pellentesque rutrum. Donec sed nibh elit. Vivamus non justo elementum, molestie nibh eget, placerat turpis.</p><p>Cras interdum maximus felis vel mattis. Nulla commodo tincidunt porta. Nunc eget massa ac lectus sagittis tincidunt. Aliquam purus mauris, posuere non volutpat at, iaculis vitae erat. Donec tempus interdum vulputate. Nullam at dolor eleifend, pretium velit sed, molestie massa. Phasellus dignissim fringilla imperdiet. In dignissim laoreet ante et viverra. Integer velit orci, venenatis nec enim id, dapibus porttitor libero. Aliquam in aliquet mauris, vitae volutpat tortor. Phasellus quis ligula in augue sodales consequat.</p><p>Suspendisse commodo sodales tortor id posuere. Curabitur pharetra leo vel odio malesuada imperdiet. Praesent gravida id nisi a vehicula. Vestibulum et mi ac nisi porta fringilla sit amet eget tellus. Morbi dictum libero vel consectetur blandit. Cras interdum vel ex in mattis. Donec eget mi sed neque tincidunt pharetra. Nam et massa at tortor scelerisque blandit.</p><p>Pellentesque habitant morbi tristique senectus et netus et malesuada fames ac turpis egestas. In felis neque, rhoncus quis tempus volutpat, mollis et nisl. Praesent pretium velit a nisl rhoncus ullamcorper. Praesent non erat semper urna luctus gravida eu quis elit. Aenean et ligula finibus, pretium urna eget, malesuada augue. Aenean vel volutpat nisi. Sed gravida a tortor vel aliquam.</p>"}}, {"model": "training.training", "pk": 3, "fields": {"user": 1, "started": "2019-01-10T02:23:52.503Z", "completed": "2019-01-14T14:07:09.542Z"}}, {"model": "training.training", "pk": 4, "fields": {"user": 2, "started": "2019-01-10T02:36:27.902Z", "completed": "2019-01-10T19:03:42.613Z"}}, {"model": "training.training", "pk": 5, "fields": {"user": 3, "started": "2019-01-10T18:47:09.136Z", "completed": null}}, {"model": "training.training", "pk": 6, "fields": {"user": 4, "started": "2019-01-13T10:39:48.306Z", "completed": null}}, {"model": "training.trainingschedule", "pk": 13, "fields": {"user_training": 3, "learning_page": 21, "current": false, "completed": true}}, {"model": "training.trainingschedule", "pk": 14, "fields": {"user_training": 3, "learning_page": 22, "current": false, "completed": true}}, {"model": "training.trainingschedule", "pk": 15, "fields": {"user_training": 3, "learning_page": 23, "current": false, "completed": true}}, {"model": "training.trainingschedule", "pk": 16, "fields": {"user_training": 3, "learning_page": 24, "current": false, "completed": true}}, {"model": "training.trainingschedule", "pk": 17, "fields": {"user_training": 3, "learning_page": 25, "current": false, "completed": true}}, {"model": "training.trainingschedule", "pk": 18, "fields": {"user_training": 3, "learning_page": 26, "current": false, "completed": true}}, {"model": "training.trainingschedule", "pk": 19, "fields": {"user_training": 4, "learning_page": 21, "current": false, "completed": true}}, {"model": "training.trainingschedule", "pk": 20, "fields": {"user_training": 4, "learning_page": 22, "current": false, "completed": true}}, {"model": "training.trainingschedule", "pk": 21, "fields": {"user_training": 4, "learning_page": 23, "current": false, "completed": true}}, {"model": "training.trainingschedule", "pk": 22, "fields": {"user_training": 4, "learning_page": 24, "current": false, "completed": true}}, {"model": "training.trainingschedule", "pk": 23, "fields": {"user_training": 4, "learning_page": 25, "current": false, "completed": true}}, {"model": "training.trainingschedule", "pk": 24, "fields": {"user_training": 4, "learning_page": 26, "current": false, "completed": true}}, {"model": "training.trainingschedule", "pk": 25, "fields": {"user_training": 5, "learning_page": 21, "current": false, "completed": true}}, {"model": "training.trainingschedule", "pk": 26, "fields": {"user_training": 5, "learning_page": 22, "current": false, "completed": true}}, {"model": "training.trainingschedule", "pk": 27, "fields": {"user_training": 5, "learning_page": 23, "current": false, "completed": true}}, {"model": "training.trainingschedule", "pk": 28, "fields": {"user_training": 5, "learning_page": 24, "current": true, "completed": false}}, {"model": "training.trainingschedule", "pk": 29, "fields": {"user_training": 5, "learning_page": 25, "current": false, "completed": false}}, {"model": "training.trainingschedule", "pk": 30, "fields": {"user_training": 5, "learning_page": 26, "current": false, "completed": false}}, {"model": "training.trainingschedule", "pk": 31, "fields": {"user_training": 6, "learning_page": 21, "current": false, "completed": true}}, {"model": "training.trainingschedule", "pk": 32, "fields": {"user_training": 6, "learning_page": 22, "current": false, "completed": true}}, {"model": "training.trainingschedule", "pk": 33, "fields": {"user_training": 6, "learning_page": 23, "current": false, "completed": true}}, {"model": "training.trainingschedule", "pk": 34, "fields": {"user_training": 6, "learning_page": 24, "current": true, "completed": false}}, {"model": "training.trainingschedule", "pk": 35, "fields": {"user_training": 6, "learning_page": 25, "current": false, "completed": false}}, {"model": "training.trainingschedule", "pk": 36, "fields": {"user_training": 6, "learning_page": 26, "current": false, "completed": false}}]